node_id,parent_id,children_ids,cliques_in_subtree,creation_order,depth,candidate_vertex,current_clique,x_size,p_size,pruned_by_pivot
-1,-2,"0;2;4;6;8;10;12;14;16;18;20;24;27;30;33;36;39;43;46;49;52;55;58;61;67;72;76;82;87;91;95;99;104;108;114;119;123;130;135;139;145;151;157;162;169;176;184;190;197;203;212;219;226;234;244;255;264;272;281;290;296;302;307;315;323;333;345;350;361;392;416;429;439;448;466;476;485;501;514;527;545;558;573;584;600;619;626;639;656;669;681;694;705;722;732;748;758;788;797;816;835;846;862;873;884;893;907;916;941;957;962;964",303,-1,-1,-1,"",0,0,false
0,-1,"1",1,0,0,-1,"14",0,1,false
1,0,"",1,1,1,0,"14;0",0,0,false
2,-1,"3",1,2,0,-1,"34",0,1,false
3,2,"",1,3,1,2,"34;2",0,0,false
4,-1,"5",1,4,0,-1,"38",0,1,false
5,4,"",1,5,1,2,"38;2",0,0,false
6,-1,"7",1,6,0,-1,"58",0,1,false
7,6,"",1,7,1,4,"58;4",0,0,false
8,-1,"9",1,8,0,-1,"82",0,1,false
9,8,"",1,9,1,6,"82;6",0,0,false
10,-1,"11",1,10,0,-1,"99",0,1,false
11,10,"",1,11,1,86,"99;86",0,0,false
12,-1,"13",1,12,0,-1,"103",0,1,false
13,12,"",1,13,1,27,"103;27",0,0,false
14,-1,"15",1,14,0,-1,"108",0,1,false
15,14,"",1,15,1,65,"108;65",0,0,false
16,-1,"17",1,16,0,-1,"109",0,1,false
17,16,"",1,17,1,74,"109;74",0,0,false
18,-1,"19",1,18,0,-1,"111",0,1,false
19,18,"",1,19,1,97,"111;97",0,0,false
20,-1,"21;23",1,20,0,-1,"33",0,2,false
21,20,"22",1,21,1,2,"33;2",0,1,false
22,21,"",1,22,2,6,"33;2;6",0,0,false
23,20,"",0,23,1,6,"33;6",1,0,true
24,-1,"25;26",2,24,0,-1,"41",0,2,false
25,24,"",1,25,1,3,"41;3",0,0,false
26,24,"",1,26,1,6,"41;6",0,0,false
27,-1,"28;29",2,27,0,-1,"43",0,2,false
28,27,"",1,28,1,42,"43;42",0,0,false
29,27,"",1,29,1,44,"43;44",0,0,false
30,-1,"31;32",2,30,0,-1,"63",0,2,false
31,30,"",1,31,1,4,"63;4",0,0,false
32,30,"",1,32,1,36,"63;36",0,0,false
33,-1,"34;35",2,33,0,-1,"64",0,2,false
34,33,"",1,34,1,4,"64;4",0,0,false
35,33,"",1,35,1,71,"64;71",0,0,false
36,-1,"37;38",2,36,0,-1,"66",0,2,false
37,36,"",1,37,1,16,"66;16",0,0,false
38,36,"",1,38,1,19,"66;19",0,0,false
39,-1,"40;42",1,39,0,-1,"84",0,2,false
40,39,"41",1,40,1,6,"84;6",0,1,false
41,40,"",1,41,2,24,"84;6;24",0,0,false
42,39,"",0,42,1,24,"84;24",1,0,true
43,-1,"44;45",2,43,0,-1,"98",0,2,false
44,43,"",1,44,1,86,"98;86",0,0,false
45,43,"",1,45,1,52,"98;52",0,0,false
46,-1,"47;48",2,46,0,-1,"101",0,2,false
47,46,"",1,47,1,96,"101;96",0,0,false
48,46,"",1,48,1,25,"101;25",0,0,false
49,-1,"50;51",2,49,0,-1,"105",0,2,false
50,49,"",1,50,1,40,"105;40",0,0,false
51,49,"",1,51,1,44,"105;44",0,0,false
52,-1,"53;54",2,52,0,-1,"107",0,2,false
53,52,"",1,53,1,13,"107;13",0,0,false
54,52,"",1,54,1,62,"107;62",0,0,false
55,-1,"56;57",2,55,0,-1,"110",0,2,false
56,55,"",1,56,1,74,"110;74",0,0,false
57,55,"",1,57,1,100,"110;100",0,0,false
58,-1,"59;60",2,58,0,-1,"100",1,2,false
59,58,"",1,59,1,46,"100;46",0,0,false
60,58,"",1,60,1,40,"100;40",0,0,false
61,-1,"62;65;66",2,61,0,-1,"1",0,3,false
62,61,"63;64",2,62,1,2,"1;2",0,2,false
63,62,"",1,63,2,0,"1;2;0",0,0,false
64,62,"",1,64,2,3,"1;2;3",0,0,false
65,61,"",0,65,1,0,"1;0",1,0,true
66,61,"",0,66,1,3,"1;3",1,0,true
67,-1,"68;69;71",2,67,0,-1,"12",0,3,false
68,67,"",1,68,1,0,"12;0",0,0,false
69,67,"70",1,69,1,21,"12;21",0,1,false
70,69,"",1,70,2,36,"12;21;36",0,0,false
71,67,"",0,71,1,36,"12;36",1,0,true
72,-1,"73;74;75",3,72,0,-1,"50",0,3,false
73,72,"",1,73,1,45,"50;45",0,0,false
74,72,"",1,74,1,26,"50;26",0,0,false
75,72,"",1,75,1,54,"50;54",0,0,false
76,-1,"77;80;81",2,76,0,-1,"69",0,3,false
77,76,"78;79",2,77,1,5,"69;5",0,2,false
78,77,"",1,78,2,68,"69;5;68",0,0,false
79,77,"",1,79,2,70,"69;5;70",0,0,false
80,76,"",0,80,1,68,"69;68",1,0,true
81,76,"",0,81,1,70,"69;70",1,0,true
82,-1,"83;85;86",2,82,0,-1,"80",0,3,false
83,82,"84",1,83,1,6,"80;6",0,1,false
84,83,"",1,84,2,21,"80;6;21",0,0,false
85,82,"",1,85,1,55,"80;55",0,0,false
86,82,"",0,86,1,21,"80;21",1,0,true
87,-1,"88;89;90",3,87,0,-1,"89",0,3,false
88,87,"",1,88,1,88,"89;88",0,0,false
89,87,"",1,89,1,18,"89;18",0,0,false
90,87,"",1,90,1,104,"89;104",0,0,false
91,-1,"92;93;94",3,91,0,-1,"95",0,3,false
92,91,"",1,92,1,23,"95;23",0,0,false
93,91,"",1,93,1,97,"95;97",0,0,false
94,91,"",1,94,1,57,"95;57",0,0,false
95,-1,"96;97;98",3,95,0,-1,"102",0,3,false
96,95,"",1,96,1,52,"102;52",0,0,false
97,95,"",1,97,1,13,"102;13",0,0,false
98,95,"",1,98,1,55,"102;55",0,0,false
99,-1,"100;102;103",2,99,0,-1,"106",0,3,false
100,99,"101",1,100,1,28,"106;28",0,1,false
101,100,"",1,101,2,29,"106;28;29",0,0,false
102,99,"",1,102,1,74,"106;74",0,0,false
103,99,"",0,103,1,29,"106;29",1,0,true
104,-1,"105;106;107",3,104,0,-1,"86",2,3,false
105,104,"",1,105,1,7,"86;7",0,0,false
106,104,"",1,106,1,9,"86;9",0,0,false
107,104,"",1,107,1,74,"86;74",0,0,false
108,-1,"109;110;111;113",3,108,0,-1,"39",0,4,false
109,108,"",1,109,1,3,"39;3",0,0,false
110,108,"",1,110,1,16,"39;16",0,0,false
111,108,"112",1,111,1,59,"39;59",0,1,false
112,111,"",1,112,2,28,"39;59;28",0,0,false
113,108,"",0,113,1,28,"39;28",1,0,true
114,-1,"115;116;117;118",4,114,0,-1,"60",0,4,false
115,114,"",1,115,1,4,"60;4",0,0,false
116,114,"",1,116,1,16,"60;16",0,0,false
117,114,"",1,117,1,53,"60;53",0,0,false
118,114,"",1,118,1,94,"60;94",0,0,false
119,-1,"120;121;122",3,119,0,-1,"94",1,3,false
120,119,"",1,120,1,22,"94;22",0,0,false
121,119,"",1,121,1,27,"94;27",0,0,false
122,119,"",1,122,1,49,"94;49",0,0,false
123,-1,"124;127;128;129",3,123,0,-1,"78",0,4,false
124,123,"125;126",2,124,1,6,"78;6",0,2,false
125,124,"",1,125,2,13,"78;6;13",0,0,false
126,124,"",1,126,2,56,"78;6;56",0,0,false
127,123,"",1,127,1,73,"78;73",0,0,false
128,123,"",0,128,1,13,"78;13",1,0,true
129,123,"",0,129,1,56,"78;56",1,0,true
130,-1,"131;132;133;134",4,130,0,-1,"90",0,4,false
131,130,"",1,131,1,88,"90;88",0,0,false
132,130,"",1,132,1,20,"90;20",0,0,false
133,130,"",1,133,1,24,"90;24",0,0,false
134,130,"",1,134,1,37,"90;37",0,0,false
135,-1,"136;137;138",3,135,0,-1,"88",2,3,false
136,135,"",1,136,1,8,"88;8",0,0,false
137,135,"",1,137,1,40,"88;40",0,0,false
138,135,"",1,138,1,74,"88;74",0,0,false
139,-1,"140;141;143;144",3,139,0,-1,"65",1,4,false
140,139,"",1,140,1,16,"65;16",0,0,false
141,139,"142",1,141,1,23,"65;23",0,1,false
142,141,"",1,142,2,40,"65;23;40",0,0,false
143,139,"",1,143,1,77,"65;77",0,0,false
144,139,"",0,144,1,40,"65;40",1,0,true
145,-1,"146;149;150",2,145,0,-1,"16",4,3,false
146,145,"147;148",2,146,1,2,"16;2",0,2,false
147,146,"",1,147,2,35,"16;2;35",0,0,false
148,146,"",1,148,2,36,"16;2;36",0,0,false
149,145,"",0,149,1,35,"16;35",1,0,true
150,145,"",0,150,1,36,"16;36",1,0,true
151,-1,"152;153;154;156",3,151,0,-1,"96",1,4,false
152,151,"",1,152,1,9,"96;9",0,0,false
153,151,"",1,153,1,73,"96;73",0,0,false
154,151,"155",1,154,1,83,"96;83",0,1,false
155,154,"",1,155,2,36,"96;83;36",0,0,false
156,151,"",0,156,1,36,"96;36",1,0,true
157,-1,"158;159;160;161",4,157,0,-1,"62",1,4,false
158,157,"",1,158,1,4,"62;4",0,0,false
159,157,"",1,159,1,7,"62;7",0,0,false
160,157,"",1,160,1,71,"62;71",0,0,false
161,157,"",1,161,1,73,"62;73",0,0,false
162,-1,"163;166;167;168",3,162,0,-1,"18",1,4,false
163,162,"164;165",2,163,1,2,"18;2",0,2,false
164,163,"",1,164,2,6,"18;2;6",0,0,false
165,163,"",1,165,2,11,"18;2;11",0,0,false
166,162,"",1,166,1,8,"18;8",0,0,false
167,162,"",0,167,1,6,"18;6",1,0,true
168,162,"",0,168,1,11,"18;11",1,0,true
169,-1,"170;173;174;175",3,169,0,-1,"97",2,4,false
170,169,"171;172",2,170,1,9,"97;9",0,2,false
171,170,"",1,171,2,93,"97;9;93",0,0,false
172,170,"",1,172,2,44,"97;9;44",0,0,false
173,169,"",1,173,1,73,"97;73",0,0,false
174,169,"",0,174,1,93,"97;93",1,0,true
175,169,"",0,175,1,44,"97;44",1,0,true
176,-1,"177;180;182;183",3,176,0,-1,"35",1,4,false
177,176,"178;179",2,177,1,6,"35;6",0,2,false
178,177,"",1,178,2,2,"35;6;2",0,0,false
179,177,"",1,179,2,40,"35;6;40",0,0,false
180,176,"181",1,180,1,104,"35;104",0,1,false
181,180,"",1,181,2,40,"35;104;40",0,0,false
182,176,"",0,182,1,2,"35;2",2,0,true
183,176,"",0,183,1,40,"35;40",2,0,true
184,-1,"185;187;188;189",3,184,0,-1,"71",2,4,false
185,184,"186",1,185,1,5,"71;5",0,1,false
186,185,"",1,186,2,61,"71;5;61",0,0,false
187,184,"",1,187,1,75,"71;75",0,0,false
188,184,"",1,188,1,31,"71;31",0,0,false
189,184,"",0,189,1,61,"71;61",1,0,true
190,-1,"191;194;195;196",3,190,0,-1,"44",3,4,false
191,190,"192;193",2,191,1,6,"44;6",0,2,false
192,191,"",1,192,2,4,"44;6;4",0,0,false
193,191,"",1,193,2,9,"44;6;9",0,0,false
194,190,"",1,194,1,87,"44;87",0,0,false
195,190,"",0,195,1,4,"44;4",1,0,true
196,190,"",0,196,1,9,"44;9",2,0,true
197,-1,"198;199;201;202",3,197,0,-1,"104",2,4,false
198,197,"",1,198,1,74,"104;74",0,0,false
199,197,"200",1,199,1,81,"104;81",0,1,false
200,199,"",1,200,2,40,"104;81;40",0,0,false
201,197,"",1,201,1,36,"104;36",0,0,false
202,197,"",0,202,1,40,"104;40",2,0,true
203,-1,"204;208;209;210;211",4,203,0,-1,"32",0,5,false
204,203,"205;206;207",3,204,1,6,"32;6",0,3,false
205,204,"",1,205,2,2,"32;6;2",0,0,false
206,204,"",1,206,2,40,"32;6;40",0,0,false
207,204,"",1,207,2,56,"32;6;56",0,0,false
208,203,"",1,208,1,74,"32;74",0,0,false
209,203,"",0,209,1,2,"32;2",1,0,true
210,203,"",0,210,1,40,"32;40",1,0,true
211,203,"",0,211,1,56,"32;56",1,0,true
212,-1,"213;215;216;217;218",4,212,0,-1,"47",0,5,false
213,212,"214",1,213,1,42,"47;42",0,1,false
214,213,"",1,214,2,40,"47;42;40",0,0,false
215,212,"",1,215,1,4,"47;4",0,0,false
216,212,"",1,216,1,53,"47;53",0,0,false
217,212,"",1,217,1,85,"47;85",0,0,false
218,212,"",0,218,1,40,"47;40",1,0,true
219,-1,"220;221;223;224;225",4,219,0,-1,"91",0,5,false
220,219,"",1,220,1,19,"91;19",0,0,false
221,219,"222",1,221,1,20,"91;20",0,1,false
222,221,"",1,222,2,92,"91;20;92",0,0,false
223,219,"",1,223,1,52,"91;52",0,0,false
224,219,"",1,224,1,72,"91;72",0,0,false
225,219,"",0,225,1,92,"91;92",1,0,true
226,-1,"227;229;232;233",3,226,0,-1,"92",1,4,false
227,226,"228",1,227,1,20,"92;20",1,1,false
228,227,"",1,228,2,70,"92;20;70",0,0,false
229,226,"230;231",2,229,1,13,"92;13",0,2,false
230,229,"",1,230,2,61,"92;13;61",0,0,false
231,229,"",1,231,2,70,"92;13;70",0,0,false
232,226,"",0,232,1,61,"92;61",1,0,true
233,226,"",0,233,1,70,"92;70",2,0,true
234,-1,"235;237;241;242;243",4,234,0,-1,"45",1,5,false
235,234,"236",1,235,1,48,"45;48",0,1,false
236,235,"",1,236,2,13,"45;48;13",0,0,false
237,234,"238;239;240",3,237,1,46,"45;46",0,3,false
238,237,"",1,238,2,13,"45;46;13",0,0,false
239,237,"",1,239,2,42,"45;46;42",0,0,false
240,237,"",1,240,2,49,"45;46;49",0,0,false
241,234,"",0,241,1,42,"45;42",1,0,true
242,234,"",0,242,1,13,"45;13",2,0,true
243,234,"",0,243,1,49,"45;49",1,0,true
244,-1,"245;250;251;253",2,244,0,-1,"42",3,4,false
245,244,"246;247;249",2,245,1,6,"42;6",0,3,false
246,245,"",1,246,2,46,"42;6;46",0,0,false
247,245,"248",1,247,2,23,"42;6;23",0,1,false
248,247,"",1,248,3,40,"42;6;23;40",0,0,false
249,245,"",0,249,2,40,"42;6;40",1,0,true
250,244,"",0,250,1,46,"42;46",2,0,true
251,244,"252",0,251,1,23,"42;23",1,1,true
252,251,"",0,252,2,40,"42;23;40",1,0,true
253,244,"254",0,253,1,40,"42;40",2,1,true
254,253,"",0,254,2,23,"42;40;23",1,0,true
255,-1,"256;260;261;262;263",4,255,0,-1,"68",1,5,false
256,255,"257;258;259",3,256,1,6,"68;6",0,3,false
257,256,"",1,257,2,51,"68;6;51",0,0,false
258,256,"",1,258,2,5,"68;6;5",0,0,false
259,256,"",1,259,2,15,"68;6;15",0,0,false
260,255,"",1,260,1,7,"68;7",0,0,false
261,255,"",0,261,1,51,"68;51",1,0,true
262,255,"",0,262,1,5,"68;5",2,0,true
263,255,"",0,263,1,15,"68;15",1,0,true
264,-1,"265;267;269;270;271",3,264,0,-1,"57",1,5,false
265,264,"266",1,265,1,48,"57;48",0,1,false
266,265,"",1,266,2,13,"57;48;13",0,0,false
267,264,"268",1,267,1,73,"57;73",0,1,false
268,267,"",1,268,2,81,"57;73;81",0,0,false
269,264,"",0,269,1,81,"57;81",1,0,false
270,264,"",1,270,1,67,"57;67",0,0,false
271,264,"",0,271,1,13,"57;13",1,0,true
272,-1,"273;277;278;279;280",4,272,0,-1,"27",2,5,false
273,272,"274;275;276",3,273,1,2,"27;2",0,3,false
274,273,"",1,274,2,4,"27;2;4",0,0,false
275,273,"",1,275,2,10,"27;2;10",0,0,false
276,273,"",1,276,2,13,"27;2;13",0,0,false
277,272,"",1,277,1,74,"27;74",0,0,false
278,272,"",0,278,1,4,"27;4",1,0,true
279,272,"",0,279,1,10,"27;10",1,0,true
280,272,"",0,280,1,13,"27;13",1,0,true
281,-1,"282;286;287;288;289",4,281,0,-1,"77",1,5,false
282,281,"283;284;285",3,282,1,6,"77;6",0,3,false
283,282,"",1,283,2,83,"77;6;83",0,0,false
284,282,"",1,284,2,56,"77;6;56",0,0,false
285,282,"",1,285,2,85,"77;6;85",0,0,false
286,281,"",1,286,1,61,"77;61",0,0,false
287,281,"",0,287,1,83,"77;83",1,0,true
288,281,"",0,288,1,56,"77;56",1,0,true
289,281,"",0,289,1,85,"77;85",1,0,true
290,-1,"291;292;294;295",3,290,0,-1,"83",2,4,false
291,290,"",1,291,1,93,"83;93",0,0,false
292,290,"293",1,292,1,6,"83;6",1,1,false
293,292,"",1,293,2,36,"83;6;36",0,0,false
294,290,"",1,294,1,70,"83;70",0,0,false
295,290,"",0,295,1,36,"83;36",2,0,true
296,-1,"297;299;300;301",2,296,0,-1,"93",2,4,false
297,296,"298",1,297,1,21,"93;21",0,1,false
298,297,"",1,298,2,13,"93;21;13",0,0,false
299,296,"",0,299,1,13,"93;13",1,0,false
300,296,"",1,300,1,74,"93;74",0,0,false
301,296,"",0,301,1,9,"93;9",1,0,true
302,-1,"303;304;305;306",4,302,0,-1,"74",9,4,false
303,302,"",1,303,1,51,"74;51",0,0,false
304,302,"",1,304,1,22,"74;22",0,0,false
305,302,"",1,305,1,23,"74;23",0,0,false
306,302,"",1,306,1,24,"74;24",0,0,false
307,-1,"308;311;312;313;314",4,307,0,-1,"11",1,5,false
308,307,"309;310",2,308,1,2,"11;2",1,2,false
309,308,"",1,309,2,0,"11;2;0",0,0,false
310,308,"",1,310,2,31,"11;2;31",0,0,false
311,307,"",1,311,1,76,"11;76",0,0,false
312,307,"",1,312,1,49,"11;49",0,0,false
313,307,"",0,313,1,0,"11;0",1,0,true
314,307,"",0,314,1,31,"11;31",1,0,true
315,-1,"316;320;321;322",3,315,0,-1,"49",3,4,false
316,315,"317;318;319",3,316,1,6,"49;6",0,3,false
317,316,"",1,317,2,46,"49;6;46",0,0,false
318,316,"",1,318,2,23,"49;6;23",0,0,false
319,316,"",1,319,2,28,"49;6;28",0,0,false
320,315,"",0,320,1,46,"49;46",2,0,true
321,315,"",0,321,1,23,"49;23",1,0,true
322,315,"",0,322,1,28,"49;28",1,0,true
323,-1,"324;328;330;331;332",4,323,0,-1,"75",1,5,false
324,323,"325;326;327",3,324,1,6,"75;6",0,3,false
325,324,"",1,325,2,9,"75;6;9",0,0,false
326,324,"",1,326,2,13,"75;6;13",0,0,false
327,324,"",1,327,2,36,"75;6;36",0,0,false
328,323,"329",1,328,1,72,"75;72",0,1,false
329,328,"",1,329,2,36,"75;72;36",0,0,false
330,323,"",0,330,1,9,"75;9",1,0,true
331,323,"",0,331,1,13,"75;13",1,0,true
332,323,"",0,332,1,36,"75;36",2,0,true
333,-1,"334;339;340;342;344",3,333,0,-1,"87",1,5,false
334,333,"335;337;338",2,334,1,28,"87;28",0,3,false
335,334,"336",1,335,2,7,"87;28;7",0,1,false
336,335,"",1,336,3,29,"87;28;7;29",0,0,false
337,334,"",1,337,2,15,"87;28;15",0,0,false
338,334,"",0,338,2,29,"87;28;29",1,0,true
339,333,"",1,339,1,31,"87;31",0,0,false
340,333,"341",0,340,1,7,"87;7",1,1,true
341,340,"",0,341,2,29,"87;7;29",1,0,true
342,333,"343",0,342,1,29,"87;29",1,1,true
343,342,"",0,343,2,7,"87;29;7",1,0,true
344,333,"",0,344,1,15,"87;15",1,0,true
345,-1,"346;347;348;349",3,345,0,-1,"31",3,4,false
346,345,"",1,346,1,70,"31;70",0,0,false
347,345,"",1,347,1,73,"31;73",0,0,false
348,345,"",1,348,1,85,"31;85",0,0,false
349,345,"",0,349,1,2,"31;2",1,0,true
350,-1,"351;355;358;359;360",5,350,0,-1,"67",1,5,false
351,350,"352;353;354",3,351,1,6,"67;6",0,3,false
352,351,"",1,352,2,59,"67;6;59",0,0,false
353,351,"",1,353,2,51,"67;6;51",0,0,false
354,351,"",1,354,2,21,"67;6;21",0,0,false
355,350,"356;357",2,355,1,72,"67;72",0,2,false
356,355,"",1,356,2,51,"67;72;51",0,0,false
357,355,"",1,357,2,21,"67;72;21",0,0,false
358,350,"",0,358,1,59,"67;59",1,0,true
359,350,"",0,359,1,51,"67;51",2,0,true
360,350,"",0,360,1,21,"67;21",2,0,true
361,-1,"362;372;376;381;382;387",3,361,0,-1,"25",1,6,false
362,361,"363;367;368;370",2,362,1,6,"25;6",0,4,false
363,362,"364;366",1,363,2,2,"25;6;2",0,2,false
364,363,"365",1,364,3,13,"25;6;2;13",0,1,false
365,364,"",1,365,4,29,"25;6;2;13;29",0,0,false
366,363,"",0,366,3,29,"25;6;2;29",1,0,true
367,362,"",1,367,2,9,"25;6;9",0,0,false
368,362,"369",0,368,2,13,"25;6;13",1,1,true
369,368,"",0,369,3,29,"25;6;13;29",1,0,true
370,362,"371",0,370,2,29,"25;6;29",1,1,true
371,370,"",0,371,3,13,"25;6;29;13",1,0,true
372,361,"373;375",1,372,1,7,"25;7",0,2,false
373,372,"374",1,373,2,13,"25;7;13",0,1,false
374,373,"",1,374,3,29,"25;7;13;29",0,0,false
375,372,"",0,375,2,29,"25;7;29",1,0,true
376,361,"377;379",0,376,1,2,"25;2",1,2,true
377,376,"378",0,377,2,29,"25;2;29",1,1,true
378,377,"",0,378,3,13,"25;2;29;13",1,0,true
379,376,"380",0,379,2,13,"25;2;13",1,1,true
380,379,"",0,380,3,29,"25;2;13;29",1,0,true
381,361,"",0,381,1,9,"25;9",1,0,true
382,361,"383;385",0,382,1,13,"25;13",2,2,true
383,382,"384",0,383,2,29,"25;13;29",2,1,true
384,383,"",0,384,3,2,"25;13;29;2",1,0,true
385,382,"386",0,385,2,2,"25;13;2",1,1,true
386,385,"",0,386,3,29,"25;13;2;29",1,0,true
387,361,"388;390",0,387,1,29,"25;29",2,2,true
388,387,"389",0,388,2,2,"25;29;2",1,1,true
389,388,"",0,389,3,13,"25;29;2;13",1,0,true
390,387,"391",0,390,2,13,"25;29;13",2,1,true
391,390,"",0,391,3,2,"25;29;13;2",1,0,true
392,-1,"393;403;406;408;412;414",4,392,0,-1,"26",1,6,false
393,392,"394;396;400;401;402",4,393,1,6,"26;6",0,5,false
394,393,"395",1,394,2,5,"26;6;5",0,1,false
395,394,"",1,395,3,2,"26;6;5;2",0,0,false
396,393,"397;398;399",3,396,2,20,"26;6;20",0,3,false
397,396,"",1,397,3,2,"26;6;20;2",0,0,false
398,396,"",1,398,3,40,"26;6;20;40",0,0,false
399,396,"",1,399,3,56,"26;6;20;56",0,0,false
400,393,"",0,400,2,2,"26;6;2",2,0,true
401,393,"",0,401,2,40,"26;6;40",1,0,true
402,393,"",0,402,2,56,"26;6;56",1,0,true
403,392,"404;405",0,403,1,2,"26;2",1,2,true
404,403,"",0,404,2,5,"26;2;5",1,0,true
405,403,"",0,405,2,20,"26;2;20",1,0,true
406,392,"407",0,406,1,5,"26;5",1,1,true
407,406,"",0,407,2,2,"26;5;2",1,0,true
408,392,"409;410;411",0,408,1,20,"26;20",1,3,true
409,408,"",0,409,2,40,"26;20;40",1,0,true
410,408,"",0,410,2,2,"26;20;2",1,0,true
411,408,"",0,411,2,56,"26;20;56",1,0,true
412,392,"413",0,412,1,40,"26;40",1,1,true
413,412,"",0,413,2,20,"26;40;20",1,0,true
414,392,"415",0,414,1,56,"26;56",1,1,true
415,414,"",0,415,2,20,"26;56;20",1,0,true
416,-1,"417;421;424;426;427;428",6,416,0,-1,"3",3,6,false
417,416,"418;419;420",3,417,1,2,"3;2",1,3,false
418,417,"",1,418,2,4,"3;2;4",0,0,false
419,417,"",1,419,2,10,"3;2;10",0,0,false
420,417,"",1,420,2,13,"3;2;13",0,0,false
421,416,"422;423",2,421,1,7,"3;7",0,2,false
422,421,"",1,422,2,13,"3;7;13",0,0,false
423,421,"",1,423,2,40,"3;7;40",0,0,false
424,416,"425",1,424,1,40,"3;40",1,1,false
425,424,"",1,425,2,10,"3;40;10",0,0,false
426,416,"",0,426,1,4,"3;4",1,0,true
427,416,"",0,427,1,10,"3;10",2,0,true
428,416,"",0,428,1,13,"3;13",2,0,true
429,-1,"430;434;435;436;437;438",5,429,0,-1,"37",1,6,false
430,429,"431;432;433",3,430,1,2,"37;2",0,3,false
431,430,"",1,431,2,5,"37;2;5",0,0,false
432,430,"",1,432,2,19,"37;2;19",0,0,false
433,430,"",1,433,2,36,"37;2;36",0,0,false
434,429,"",1,434,1,54,"37;54",0,0,false
435,429,"",1,435,1,79,"37;79",0,0,false
436,429,"",0,436,1,5,"37;5",1,0,true
437,429,"",0,437,1,19,"37;19",1,0,true
438,429,"",0,438,1,36,"37;36",1,0,true
439,-1,"440;441;443;446;447",4,439,0,-1,"19",3,5,false
440,439,"",1,440,1,8,"19;8",0,0,false
441,439,"442",1,441,1,40,"19;40",0,1,false
442,441,"",1,442,2,61,"19;40;61",0,0,false
443,439,"444;445",2,443,1,13,"19;13",0,2,false
444,443,"",1,444,2,61,"19;13;61",0,0,false
445,443,"",1,445,2,2,"19;13;2",0,0,false
446,439,"",0,446,1,2,"19;2",2,0,true
447,439,"",0,447,1,61,"19;61",2,0,true
448,-1,"449;451;458;460;462;463",4,448,0,-1,"81",2,6,false
449,448,"450",1,449,1,73,"81;73",1,1,false
450,449,"",1,450,2,23,"81;73;23",0,0,false
451,448,"452;453;456;457",3,451,1,6,"81;6",0,4,false
452,451,"",1,452,2,79,"81;6;79",0,0,false
453,451,"454;455",2,453,2,40,"81;6;40",0,2,false
454,453,"",1,454,3,22,"81;6;40;22",0,0,false
455,453,"",1,455,3,23,"81;6;40;23",0,0,false
456,451,"",0,456,2,23,"81;6;23",1,0,true
457,451,"",0,457,2,22,"81;6;22",1,0,true
458,448,"459",0,458,1,22,"81;22",1,1,true
459,458,"",0,459,2,40,"81;22;40",1,0,true
460,448,"461",0,460,1,23,"81;23",2,1,true
461,460,"",0,461,2,40,"81;23;40",1,0,true
462,448,"",0,462,1,79,"81;79",1,0,true
463,448,"464;465",0,463,1,40,"81;40",2,2,true
464,463,"",0,464,2,22,"81;40;22",1,0,true
465,463,"",0,465,2,23,"81;40;23",1,0,true
466,-1,"467;471;473;474;475",4,466,0,-1,"79",2,5,false
467,466,"468;469;470",3,467,1,6,"79;6",1,3,false
468,467,"",1,468,2,52,"79;6;52",0,0,false
469,467,"",1,469,2,29,"79;6;29",0,0,false
470,467,"",1,470,2,30,"79;6;30",0,0,false
471,466,"472",1,471,1,61,"79;61",0,1,false
472,471,"",1,472,2,52,"79;61;52",0,0,false
473,466,"",0,473,1,52,"79;52",2,0,true
474,466,"",0,474,1,29,"79;29",1,0,true
475,466,"",0,475,1,30,"79;30",1,0,true
476,-1,"477;478;480;483;484",3,476,0,-1,"73",7,5,false
477,476,"",0,477,1,23,"73;23",1,0,false
478,476,"479",1,478,1,72,"73;72",0,1,false
479,478,"",1,479,2,51,"73;72;51",0,0,false
480,476,"481;482",2,480,1,55,"73;55",0,2,false
481,480,"",1,481,2,51,"73;55;51",0,0,false
482,480,"",1,482,2,20,"73;55;20",0,0,false
483,476,"",0,483,1,20,"73;20",1,0,true
484,476,"",0,484,1,51,"73;51",2,0,true
485,-1,"486;492;495;496;497;499",5,485,0,-1,"76",1,6,false
486,485,"487;488;489;491",3,486,1,6,"76;6",0,4,false
487,486,"",1,487,2,9,"76;6;9",0,0,false
488,486,"",1,488,2,40,"76;6;40",0,0,false
489,486,"490",1,489,2,28,"76;6;28",0,1,false
490,489,"",1,490,3,15,"76;6;28;15",0,0,false
491,486,"",0,491,2,15,"76;6;15",1,0,true
492,485,"493;494",2,492,1,7,"76;7",0,2,false
493,492,"",1,493,2,40,"76;7;40",0,0,false
494,492,"",1,494,2,28,"76;7;28",0,0,false
495,485,"",0,495,1,9,"76;9",1,0,true
496,485,"",0,496,1,40,"76;40",2,0,true
497,485,"498",0,497,1,28,"76;28",2,1,true
498,497,"",0,498,2,15,"76;28;15",1,0,true
499,485,"500",0,499,1,15,"76;15",1,1,true
500,499,"",0,500,2,28,"76;15;28",1,0,true
501,-1,"502;508;509;510;512",3,501,0,-1,"9",8,5,false
502,501,"503;504;505;507",3,502,1,6,"9;6",4,4,false
503,502,"",1,503,2,17,"9;6;17",0,0,false
504,502,"",1,504,2,0,"9;6;0",0,0,false
505,502,"506",1,505,2,24,"9;6;24",0,1,false
506,505,"",1,506,3,46,"9;6;24;46",0,0,false
507,502,"",0,507,2,46,"9;6;46",1,0,true
508,501,"",0,508,1,17,"9;17",1,0,true
509,501,"",0,509,1,0,"9;0",1,0,true
510,501,"511",0,510,1,24,"9;24",1,1,true
511,510,"",0,511,2,46,"9;24;46",1,0,true
512,501,"513",0,512,1,46,"9;46",1,1,true
513,512,"",0,513,2,24,"9;46;24",1,0,true
514,-1,"515;521;523;525;526",3,514,0,-1,"46",5,5,false
515,514,"516;518;519;520",3,515,1,6,"46;6",3,4,false
516,515,"517",1,516,2,13,"46;6;13",0,1,false
517,516,"",1,517,3,24,"46;6;13;24",0,0,false
518,515,"",1,518,2,51,"46;6;51",0,0,false
519,515,"",1,519,2,54,"46;6;54",0,0,false
520,515,"",0,520,2,24,"46;6;24",2,0,true
521,514,"522",0,521,1,24,"46;24",2,1,true
522,521,"",0,522,2,13,"46;24;13",1,0,true
523,514,"524",0,523,1,13,"46;13",2,1,true
524,523,"",0,524,2,24,"46;13;24",1,0,true
525,514,"",0,525,1,51,"46;51",1,0,true
526,514,"",0,526,1,54,"46;54",1,0,true
527,-1,"528;536;538;539;541;542",4,527,0,-1,"85",3,6,false
528,527,"529;530;531;534;535",4,528,1,6,"85;6",1,5,false
529,528,"",1,529,2,23,"85;6;23",0,0,false
530,528,"",1,530,2,52,"85;6;52",0,0,false
531,528,"532;533",2,531,2,36,"85;6;36",0,2,false
532,531,"",1,532,3,24,"85;6;36;24",0,0,false
533,531,"",1,533,3,20,"85;6;36;20",0,0,false
534,528,"",0,534,2,20,"85;6;20",1,0,true
535,528,"",0,535,2,24,"85;6;24",1,0,true
536,527,"537",0,536,1,20,"85;20",1,1,true
537,536,"",0,537,2,36,"85;20;36",1,0,true
538,527,"",0,538,1,23,"85;23",1,0,true
539,527,"540",0,539,1,24,"85;24",1,1,true
540,539,"",0,540,2,36,"85;24;36",1,0,true
541,527,"",0,541,1,52,"85;52",1,0,true
542,527,"543;544",0,542,1,36,"85;36",1,2,true
543,542,"",0,543,2,24,"85;36;24",1,0,true
544,542,"",0,544,2,20,"85;36;20",1,0,true
545,-1,"546;548;553;555;557",3,545,0,-1,"52",5,5,false
546,545,"547",1,546,1,61,"52;61",1,1,false
547,546,"",1,547,2,5,"52;61;5",0,0,false
548,545,"549;551;552",2,548,1,6,"52;6",2,3,false
549,548,"550",1,549,2,48,"52;6;48",0,1,false
550,549,"",1,550,3,53,"52;6;48;53",0,0,false
551,548,"",1,551,2,5,"52;6;5",0,0,false
552,548,"",0,552,2,53,"52;6;53",1,0,true
553,545,"554",0,553,1,48,"52;48",1,1,true
554,553,"",0,554,2,53,"52;48;53",1,0,true
555,545,"556",0,555,1,53,"52;53",1,1,true
556,555,"",0,556,2,48,"52;53;48",1,0,true
557,545,"",0,557,1,5,"52;5",2,0,true
558,-1,"559;566;567;569;570;571",3,558,0,-1,"56",4,6,false
559,558,"560;562;563;564;565",3,559,1,6,"56;6",4,5,false
560,559,"561",1,560,2,48,"56;6;48",0,1,false
561,560,"",1,561,3,54,"56;6;48;54",0,0,false
562,559,"",1,562,2,59,"56;6;59",0,0,false
563,559,"",1,563,2,23,"56;6;23",0,0,false
564,559,"",0,564,2,54,"56;6;54",1,0,false
565,559,"",0,565,2,20,"56;6;20",1,0,true
566,558,"",0,566,1,20,"56;20",2,0,true
567,558,"568",0,567,1,48,"56;48",1,1,true
568,567,"",0,568,2,54,"56;48;54",1,0,true
569,558,"",0,569,1,59,"56;59",1,0,true
570,558,"",0,570,1,23,"56;23",1,0,true
571,558,"572",0,571,1,54,"56;54",1,1,true
572,571,"",0,572,2,48,"56;54;48",1,0,true
573,-1,"574;578;580;581;582;583",5,573,0,-1,"10",2,6,false
574,573,"575;576;577",3,574,1,2,"10;2",2,3,false
575,574,"",1,575,2,21,"10;2;21",0,0,false
576,574,"",1,576,2,24,"10;2;24",0,0,false
577,574,"",1,577,2,0,"10;2;0",0,0,false
578,573,"579",1,578,1,40,"10;40",1,1,false
579,578,"",1,579,2,24,"10;40;24",0,0,false
580,573,"",1,580,1,53,"10;53",0,0,false
581,573,"",0,581,1,21,"10;21",1,0,true
582,573,"",0,582,1,24,"10;24",2,0,true
583,573,"",0,583,1,0,"10;0",1,0,true
584,-1,"585;592;595;596;598",3,584,0,-1,"24",7,5,false
585,584,"586;589;590;591",3,585,1,6,"24;6",4,4,false
586,585,"587;588",2,586,2,2,"24;6;2",0,2,false
587,586,"",1,587,3,36,"24;6;2;36",0,0,false
588,586,"",1,588,3,13,"24;6;2;13",0,0,false
589,585,"",1,589,2,40,"24;6;40",0,0,false
590,585,"",0,590,2,36,"24;6;36",2,0,true
591,585,"",0,591,2,13,"24;6;13",2,0,true
592,584,"593;594",0,592,1,2,"24;2",2,2,true
593,592,"",0,593,2,13,"24;2;13",1,0,true
594,592,"",0,594,2,36,"24;2;36",1,0,true
595,584,"",0,595,1,40,"24;40",2,0,true
596,584,"597",0,596,1,36,"24;36",2,1,true
597,596,"",0,597,2,2,"24;36;2",1,0,true
598,584,"599",0,598,1,13,"24;13",2,1,true
599,598,"",0,599,2,2,"24;13;2",1,0,true
600,-1,"601;609;612;615;617",3,600,0,-1,"53",4,5,false
601,600,"602;605;607;608",3,601,1,6,"53;6",1,4,false
602,601,"603;604",2,602,2,48,"53;6;48",1,2,false
603,602,"",1,603,3,51,"53;6;48;51",0,0,false
604,602,"",1,604,3,13,"53;6;48;13",0,0,false
605,601,"606",1,605,2,36,"53;6;36",0,1,false
606,605,"",1,606,3,51,"53;6;36;51",0,0,false
607,601,"",0,607,2,51,"53;6;51",2,0,true
608,601,"",0,608,2,13,"53;6;13",1,0,true
609,600,"610;611",0,609,1,48,"53;48",2,2,true
610,609,"",0,610,2,13,"53;48;13",1,0,true
611,609,"",0,611,2,51,"53;48;51",1,0,true
612,600,"613;614",0,612,1,51,"53;51",1,2,true
613,612,"",0,613,2,48,"53;51;48",1,0,true
614,612,"",0,614,2,36,"53;51;36",1,0,true
615,600,"616",0,615,1,13,"53;13",1,1,true
616,615,"",0,616,2,48,"53;13;48",1,0,true
617,600,"618",0,617,1,36,"53;36",1,1,true
618,617,"",0,618,2,51,"53;36;51",1,0,true
619,-1,"620;621;622;623;624;625",6,619,0,-1,"8",3,6,false
620,619,"",1,620,1,0,"8;0",0,0,false
621,619,"",1,621,1,17,"8;17",0,0,false
622,619,"",1,622,1,20,"8;20",0,0,false
623,619,"",1,623,1,21,"8;21",0,0,false
624,619,"",1,624,1,22,"8;22",0,0,false
625,619,"",1,625,1,23,"8;23",0,0,false
626,-1,"627;632;634;635;637",2,626,0,-1,"23",10,5,false
627,626,"628;630;631",1,627,1,6,"23;6",5,3,false
628,627,"629",1,628,2,2,"23;6;2",0,1,false
629,628,"",1,629,3,29,"23;6;2;29",0,0,false
630,627,"",0,630,2,29,"23;6;29",1,0,false
631,627,"",0,631,2,40,"23;6;40",2,0,true
632,626,"633",1,632,1,70,"23;70",0,1,false
633,632,"",1,633,2,29,"23;70;29",0,0,false
634,626,"",0,634,1,40,"23;40",4,0,true
635,626,"636",0,635,1,2,"23;2",1,1,true
636,635,"",0,636,2,29,"23;2;29",1,0,true
637,626,"638",0,637,1,29,"23;29",2,1,true
638,637,"",0,638,2,2,"23;29;2",1,0,true
639,-1,"640;647;648;651;652;654",4,639,0,-1,"30",1,6,false
640,639,"641;644;645;646",3,640,1,6,"30;6",1,4,false
641,640,"642;643",2,641,2,2,"30;6;2",0,2,false
642,641,"",1,642,3,13,"30;6;2;13",0,0,false
643,641,"",1,643,3,15,"30;6;2;15",0,0,false
644,640,"",1,644,2,40,"30;6;40",0,0,false
645,640,"",0,645,2,13,"30;6;13",1,0,true
646,640,"",0,646,2,15,"30;6;15",1,0,true
647,639,"",1,647,1,55,"30;55",0,0,false
648,639,"649;650",0,648,1,2,"30;2",1,2,true
649,648,"",0,649,2,15,"30;2;15",1,0,true
650,648,"",0,650,2,13,"30;2;13",1,0,true
651,639,"",0,651,1,40,"30;40",1,0,true
652,639,"653",0,652,1,13,"30;13",1,1,true
653,652,"",0,653,2,2,"30;13;2",1,0,true
654,639,"655",0,654,1,15,"30;15",1,1,true
655,654,"",0,655,2,2,"30;15;2",1,0,true
656,-1,"657;661;664;666;667;668",6,656,0,-1,"72",4,6,false
657,656,"658;659;660",3,657,1,36,"72;36",1,3,false
658,657,"",1,658,2,51,"72;36;51",0,0,false
659,657,"",1,659,2,21,"72;36;21",0,0,false
660,657,"",1,660,2,28,"72;36;28",0,0,false
661,656,"662;663",2,661,1,40,"72;40",0,2,false
662,661,"",1,662,2,51,"72;40;51",0,0,false
663,661,"",1,663,2,17,"72;40;17",0,0,false
664,656,"665",1,664,1,17,"72;17",1,1,false
665,664,"",1,665,2,28,"72;17;28",0,0,false
666,656,"",0,666,1,51,"72;51",4,0,true
667,656,"",0,667,1,21,"72;21",2,0,true
668,656,"",0,668,1,28,"72;28",2,0,true
669,-1,"670;672;674;676;679",2,669,0,-1,"51",7,5,false
670,669,"671",1,670,1,40,"51;40",1,1,false
671,670,"",1,671,2,6,"51;40;6",0,0,false
672,669,"673",1,672,1,55,"51;55",1,1,false
673,672,"",1,673,2,48,"51;55;48",0,0,false
674,669,"675",0,674,1,36,"51;36",2,1,true
675,674,"",0,675,2,6,"51;36;6",1,0,true
676,669,"677;678",0,676,1,6,"51;6",5,2,true
677,676,"",0,677,2,36,"51;6;36",1,0,true
678,676,"",0,678,2,48,"51;6;48",1,0,true
679,669,"680",0,679,1,48,"51;48",2,1,true
680,679,"",0,680,2,6,"51;48;6",1,0,true
681,-1,"682;687;689;691;692",2,681,0,-1,"48",6,5,false
682,681,"683;685;686",1,682,1,6,"48;6",4,3,false
683,682,"684",1,683,2,17,"48;6;17",0,1,false
684,683,"",1,684,3,13,"48;6;17;13",0,0,false
685,682,"",0,685,2,54,"48;6;54",1,0,false
686,682,"",0,686,2,13,"48;6;13",2,0,true
687,681,"688",1,687,1,55,"48;55",1,1,false
688,687,"",1,688,2,54,"48;55;54",0,0,false
689,681,"690",0,689,1,17,"48;17",1,1,true
690,689,"",0,690,2,13,"48;17;13",1,0,true
691,681,"",0,691,1,54,"48;54",3,0,true
692,681,"693",0,692,1,13,"48;13",4,1,true
693,692,"",0,693,2,17,"48;13;17",1,0,true
694,-1,"695;700;702;703",2,694,0,-1,"55",6,4,false
695,694,"696;698;699",2,695,1,70,"55;70",0,3,false
696,695,"697",1,696,2,54,"55;70;54",0,1,false
697,696,"",1,697,3,29,"55;70;54;29",0,0,false
698,695,"",1,698,2,20,"55;70;20",0,0,false
699,695,"",0,699,2,29,"55;70;29",1,0,true
700,694,"701",0,700,1,54,"55;54",2,1,true
701,700,"",0,701,2,29,"55;54;29",1,0,true
702,694,"",0,702,1,20,"55;20",2,0,true
703,694,"704",0,703,1,29,"55;29",1,1,true
704,703,"",0,704,2,54,"55;29;54",1,0,true
705,-1,"706;712;714;715;717;720",3,705,0,-1,"5",6,6,false
706,705,"707;710;711",2,706,1,6,"5;6",3,3,false
707,706,"708;709",2,707,2,2,"5;6;2",1,2,false
708,707,"",1,708,3,0,"5;6;2;0",0,0,false
709,707,"",1,709,3,21,"5;6;2;21",0,0,false
710,706,"",0,710,2,0,"5;6;0",1,0,true
711,706,"",0,711,2,21,"5;6;21",1,0,true
712,705,"713",1,712,1,61,"5;61",2,1,false
713,712,"",1,713,2,21,"5;61;21",0,0,false
714,705,"",0,714,1,70,"5;70",1,0,false
715,705,"716",0,715,1,0,"5;0",1,1,true
716,715,"",0,716,2,2,"5;0;2",1,0,true
717,705,"718;719",0,717,1,2,"5;2",3,2,true
718,717,"",0,718,2,21,"5;2;21",1,0,true
719,717,"",0,719,2,0,"5;2;0",1,0,true
720,705,"721",0,720,1,21,"5;21",2,1,true
721,720,"",0,721,2,2,"5;21;2",1,0,true
722,-1,"723;725;727;729;730",2,722,0,-1,"70",7,5,false
723,722,"724",1,723,1,22,"70;22",0,1,false
724,723,"",1,724,2,13,"70;22;13",0,0,false
725,722,"726",1,725,1,13,"70;13",2,1,false
726,725,"",1,726,2,29,"70;13;29",0,0,false
727,722,"728",0,727,1,29,"70;29",3,1,true
728,727,"",0,728,2,54,"70;29;54",1,0,true
729,722,"",0,729,1,20,"70;20",2,0,true
730,722,"731",0,730,1,54,"70;54",1,1,true
731,730,"",0,731,2,29,"70;54;29",1,0,true
732,-1,"733;740;743;745;747",2,732,0,-1,"20",10,5,false
733,732,"734;736;738;739",2,733,1,6,"20;6",3,4,false
734,733,"735",1,734,2,4,"20;6;4",0,1,false
735,734,"",1,735,3,2,"20;6;4;2",0,0,false
736,733,"737",1,736,2,36,"20;6;36",1,1,false
737,736,"",1,737,3,2,"20;6;36;2",0,0,false
738,733,"",0,738,2,2,"20;6;2",3,0,true
739,733,"",0,739,2,40,"20;6;40",1,0,true
740,732,"741;742",0,740,1,2,"20;2",2,2,true
741,740,"",0,741,2,4,"20;2;4",1,0,true
742,740,"",0,742,2,36,"20;2;36",1,0,true
743,732,"744",0,743,1,4,"20;4",1,1,true
744,743,"",0,744,2,2,"20;4;2",1,0,true
745,732,"746",0,745,1,36,"20;36",2,1,true
746,745,"",0,746,2,2,"20;36;2",1,0,true
747,732,"",0,747,1,40,"20;40",2,0,true
748,-1,"749;753;755;756;757",4,748,0,-1,"54",7,5,false
749,748,"750;751;752",3,749,1,6,"54;6",3,3,false
750,749,"",1,750,2,29,"54;6;29",0,0,false
751,749,"",1,751,2,40,"54;6;40",0,0,false
752,749,"",1,752,2,15,"54;6;15",0,0,false
753,748,"754",1,753,1,61,"54;61",0,1,false
754,753,"",1,754,2,40,"54;61;40",0,0,false
755,748,"",0,755,1,29,"54;29",3,0,true
756,748,"",0,756,1,40,"54;40",2,0,true
757,748,"",0,757,1,15,"54;15",1,0,true
758,-1,"759;770;775;780;786",2,758,0,-1,"29",8,5,false
759,758,"760;765;767;769",2,759,1,28,"29;28",2,4,false
760,759,"761;763;764",2,760,2,13,"29;28;13",0,3,false
761,760,"762",1,761,3,2,"29;28;13;2",0,1,false
762,761,"",1,762,4,6,"29;28;13;2;6",0,0,false
763,760,"",1,763,3,7,"29;28;13;7",0,0,false
764,760,"",0,764,3,6,"29;28;13;6",1,0,true
765,759,"766",0,765,2,2,"29;28;2",1,1,true
766,765,"",0,766,3,6,"29;28;2;6",1,0,true
767,759,"768",0,767,2,6,"29;28;6",1,1,true
768,767,"",0,768,3,2,"29;28;6;2",1,0,true
769,759,"",0,769,2,7,"29;28;7",2,0,true
770,758,"771;773",0,770,1,2,"29;2",3,2,true
771,770,"772",0,771,2,6,"29;2;6",3,1,true
772,771,"",0,772,3,13,"29;2;6;13",2,0,true
773,770,"774",0,773,2,13,"29;2;13",2,1,true
774,773,"",0,774,3,6,"29;2;13;6",2,0,true
775,758,"776;778",0,775,1,6,"29;6",5,2,true
776,775,"777",0,776,2,2,"29;6;2",3,1,true
777,776,"",0,777,3,13,"29;6;2;13",2,0,true
778,775,"779",0,778,2,13,"29;6;13",2,1,true
779,778,"",0,779,3,2,"29;6;13;2",2,0,true
780,758,"781;783;785",0,780,1,13,"29;13",3,3,true
781,780,"782",0,781,2,2,"29;13;2",2,1,true
782,781,"",0,782,3,6,"29;13;2;6",2,0,true
783,780,"784",0,783,2,6,"29;13;6",2,1,true
784,783,"",0,784,3,2,"29;13;6;2",2,0,true
785,780,"",0,785,2,7,"29;13;7",2,0,true
786,758,"787",0,786,1,7,"29;7",3,1,true
787,786,"",0,787,2,13,"29;7;13",2,0,true
788,-1,"789;790;794;795;796",3,788,0,-1,"61",8,5,false
789,788,"",0,789,1,40,"61;40",2,0,false
790,788,"791;792;793",3,790,1,21,"61;21",1,3,false
791,790,"",1,791,2,13,"61;21;13",0,0,false
792,790,"",1,792,2,4,"61;21;4",0,0,false
793,790,"",1,793,2,36,"61;21;36",0,0,false
794,788,"",0,794,1,13,"61;13",3,0,true
795,788,"",0,795,1,4,"61;4",1,0,true
796,788,"",0,796,1,36,"61;36",1,0,true
797,-1,"798;806;809;811;813",3,797,0,-1,"15",5,5,false
798,797,"799;802;804;805",3,798,1,6,"15;6",4,4,false
799,798,"800;801",2,799,2,2,"15;6;2",1,2,false
800,799,"",1,800,3,0,"15;6;2;0",0,0,false
801,799,"",1,801,3,28,"15;6;2;28",0,0,false
802,798,"803",1,802,2,59,"15;6;59",0,1,false
803,802,"",1,803,3,28,"15;6;59;28",0,0,false
804,798,"",0,804,2,0,"15;6;0",1,0,true
805,798,"",0,805,2,28,"15;6;28",3,0,true
806,797,"807;808",0,806,1,2,"15;2",2,2,true
807,806,"",0,807,2,0,"15;2;0",1,0,true
808,806,"",0,808,2,28,"15;2;28",1,0,true
809,797,"810",0,809,1,59,"15;59",1,1,true
810,809,"",0,810,2,28,"15;59;28",1,0,true
811,797,"812",0,811,1,0,"15;0",1,1,true
812,811,"",0,812,2,2,"15;0;2",1,0,true
813,797,"814;815",0,813,1,28,"15;28",3,2,true
814,813,"",0,814,2,2,"15;28;2",1,0,true
815,813,"",0,815,2,59,"15;28;59",1,0,true
816,-1,"817;825;827;829;831",3,816,0,-1,"21",9,5,false
817,816,"818;822;823;824",3,817,1,6,"21;6",3,4,false
818,817,"819;820;821",3,818,2,2,"21;6;2",1,3,false
819,818,"",1,819,3,13,"21;6;2;13",0,0,false
820,818,"",1,820,3,4,"21;6;2;4",0,0,false
821,818,"",1,821,3,36,"21;6;2;36",0,0,false
822,817,"",0,822,2,13,"21;6;13",1,0,true
823,817,"",0,823,2,4,"21;6;4",1,0,true
824,817,"",0,824,2,36,"21;6;36",1,0,true
825,816,"826",0,825,1,13,"21;13",3,1,true
826,825,"",0,826,2,2,"21;13;2",1,0,true
827,816,"828",0,827,1,4,"21;4",2,1,true
828,827,"",0,828,2,2,"21;4;2",1,0,true
829,816,"830",0,829,1,36,"21;36",4,1,true
830,829,"",0,830,2,2,"21;36;2",1,0,true
831,816,"832;833;834",0,831,1,2,"21;2",3,3,true
832,831,"",0,832,2,4,"21;2;4",1,0,true
833,831,"",0,833,2,13,"21;2;13",1,0,true
834,831,"",0,834,2,36,"21;2;36",1,0,true
835,-1,"836;840;843;844;845",4,835,0,-1,"40",23,5,false
836,835,"837;838;839",2,836,1,6,"40;6",12,3,false
837,836,"",1,837,2,17,"40;6;17",0,0,false
838,836,"",1,838,2,59,"40;6;59",0,0,false
839,836,"",0,839,2,22,"40;6;22",1,0,true
840,835,"841;842",2,840,1,7,"40;7",2,2,false
841,840,"",1,841,2,17,"40;7;17",0,0,false
842,840,"",1,842,2,59,"40;7;59",0,0,false
843,835,"",0,843,1,17,"40;17",3,0,true
844,835,"",0,844,1,22,"40;22",2,0,true
845,835,"",0,845,1,59,"40;59",2,0,true
846,-1,"847;853;855;858;860",3,846,0,-1,"0",9,5,false
847,846,"848;851;852",2,847,1,2,"0;2",5,3,false
848,847,"849;850",2,848,2,6,"0;2;6",2,2,false
849,848,"",1,849,3,4,"0;2;6;4",0,0,false
850,848,"",1,850,3,13,"0;2;6;13",0,0,false
851,847,"",0,851,2,4,"0;2;4",1,0,true
852,847,"",0,852,2,13,"0;2;13",1,0,true
853,846,"854",1,853,1,7,"0;7",0,1,false
854,853,"",1,854,2,13,"0;7;13",0,0,false
855,846,"856;857",0,855,1,6,"0;6",4,2,true
856,855,"",0,856,2,4,"0;6;4",1,0,true
857,855,"",0,857,2,13,"0;6;13",1,0,true
858,846,"859",0,858,1,4,"0;4",1,1,true
859,858,"",0,859,2,6,"0;4;6",1,0,true
860,846,"861",0,860,1,13,"0;13",2,1,true
861,860,"",0,861,2,6,"0;13;6",1,0,true
862,-1,"863;868;870;871",2,862,0,-1,"4",13,4,false
863,862,"864;865;867",2,863,1,6,"4;6",4,3,false
864,863,"",1,864,2,59,"4;6;59",0,0,false
865,863,"866",1,865,2,22,"4;6;22",0,1,false
866,865,"",1,866,3,2,"4;6;22;2",0,0,false
867,863,"",0,867,2,2,"4;6;2",4,0,true
868,862,"869",0,868,1,2,"4;2",6,1,true
869,868,"",0,869,2,22,"4;2;22",1,0,true
870,862,"",0,870,1,59,"4;59",1,0,true
871,862,"872",0,871,1,22,"4;22",1,1,true
872,871,"",0,872,2,2,"4;22;2",1,0,true
873,-1,"874;879;881;882",2,873,0,-1,"7",10,4,false
874,873,"875;876;878",2,874,1,28,"7;28",3,3,false
875,874,"",1,875,2,59,"7;28;59",0,0,false
876,874,"877",1,876,2,17,"7;28;17",0,1,false
877,876,"",1,877,3,13,"7;28;17;13",0,0,false
878,874,"",0,878,2,13,"7;28;13",2,0,true
879,873,"880",0,879,1,13,"7;13",5,1,true
880,879,"",0,880,2,17,"7;13;17",1,0,true
881,873,"",0,881,1,59,"7;59",2,0,true
882,873,"883",0,882,1,17,"7;17",2,1,true
883,882,"",0,883,2,13,"7;17;13",1,0,true
884,-1,"885;889;891",1,884,0,-1,"59",7,3,false
885,884,"886;888",1,885,1,36,"59;36",0,2,false
886,885,"887",1,886,2,6,"59;36;6",0,1,false
887,886,"",1,887,3,28,"59;36;6;28",0,0,false
888,885,"",0,888,2,28,"59;36;28",1,0,true
889,884,"890",0,889,1,6,"59;6",6,1,true
890,889,"",0,890,2,28,"59;6;28",2,0,true
891,884,"892",0,891,1,28,"59;28",4,1,true
892,891,"",0,892,2,6,"59;28;6",2,0,true
893,-1,"894;900;902;905",2,893,0,-1,"22",7,4,false
894,893,"895;898;899",2,894,1,2,"22;2",1,3,false
895,894,"896;897",2,895,2,6,"22;2;6",1,2,false
896,895,"",1,896,3,13,"22;2;6;13",0,0,false
897,895,"",1,897,3,36,"22;2;6;36",0,0,false
898,894,"",0,898,2,13,"22;2;13",1,0,true
899,894,"",0,899,2,36,"22;2;36",1,0,true
900,893,"901",0,900,1,13,"22;13",2,1,true
901,900,"",0,901,2,6,"22;13;6",1,0,true
902,893,"903;904",0,902,1,6,"22;6",4,2,true
903,902,"",0,903,2,13,"22;6;13",1,0,true
904,902,"",0,904,2,36,"22;6;36",1,0,true
905,893,"906",0,905,1,36,"22;36",1,1,true
906,905,"",0,906,2,6,"22;36;6",1,0,true
907,-1,"908;912;914",1,907,0,-1,"36",18,3,false
908,907,"909;911",1,908,1,28,"36;28",2,2,false
909,908,"910",1,909,2,2,"36;28;2",0,1,false
910,909,"",1,910,3,6,"36;28;2;6",0,0,false
911,908,"",0,911,2,6,"36;28;6",2,0,true
912,907,"913",0,912,1,6,"36;6",11,1,true
913,912,"",0,913,2,2,"36;6;2",5,0,true
914,907,"915",0,914,1,2,"36;2",7,1,true
915,914,"",0,915,2,6,"36;2;6",5,0,true
916,-1,"917;926;931;936",1,916,0,-1,"17",6,4,false
917,916,"918;922;924",1,917,1,13,"17;13",2,3,false
918,917,"919;921",1,918,2,6,"17;13;6",1,2,false
919,918,"920",1,919,3,28,"17;13;6;28",0,1,false
920,919,"",1,920,4,2,"17;13;6;28;2",0,0,false
921,918,"",0,921,3,2,"17;13;6;2",1,0,true
922,917,"923",0,922,2,28,"17;13;28",2,1,true
923,922,"",0,923,3,2,"17;13;28;2",1,0,true
924,917,"925",0,924,2,2,"17;13;2",1,1,true
925,924,"",0,925,3,28,"17;13;2;28",1,0,true
926,916,"927;929",0,926,1,6,"17;6",4,2,true
927,926,"928",0,927,2,2,"17;6;2",1,1,true
928,927,"",0,928,3,28,"17;6;2;28",1,0,true
929,926,"930",0,929,2,28,"17;6;28",1,1,true
930,929,"",0,930,3,2,"17;6;28;2",1,0,true
931,916,"932;934",0,931,1,28,"17;28",3,2,true
932,931,"933",0,932,2,2,"17;28;2",1,1,true
933,932,"",0,933,3,6,"17;28;2;6",1,0,true
934,931,"935",0,934,2,6,"17;28;6",1,1,true
935,934,"",0,935,3,2,"17;28;6;2",1,0,true
936,916,"937;939",0,936,1,2,"17;2",1,2,true
937,936,"938",0,937,2,28,"17;2;28",1,1,true
938,937,"",0,938,3,6,"17;2;28;6",1,0,true
939,936,"940",0,939,2,6,"17;2;6",1,1,true
940,939,"",0,940,3,28,"17;2;6;28",1,0,true
941,-1,"942;947;952",0,941,0,-1,"2",30,3,false
942,941,"943;945",0,942,1,28,"2;28",4,2,true
943,942,"944",0,943,2,6,"2;28;6",4,1,true
944,943,"",0,944,3,13,"2;28;6;13",2,0,true
945,942,"946",0,945,2,13,"2;28;13",2,1,true
946,945,"",0,946,3,6,"2;28;13;6",2,0,true
947,941,"948;950",0,947,1,6,"2;6",19,2,true
948,947,"949",0,948,2,28,"2;6;28",4,1,true
949,948,"",0,949,3,13,"2;6;28;13",2,0,true
950,947,"951",0,950,2,13,"2;6;13",8,1,true
951,950,"",0,951,3,28,"2;6;13;28",2,0,true
952,941,"953;955",0,952,1,13,"2;13",11,2,true
953,952,"954",0,953,2,28,"2;13;28",2,1,true
954,953,"",0,954,3,6,"2;13;28;6",2,0,true
955,952,"956",0,955,2,6,"2;13;6",8,1,true
956,955,"",0,956,3,28,"2;13;6;28",2,0,true
957,-1,"958;960",0,957,0,-1,"6",47,2,false
958,957,"959",0,958,1,28,"6;28",8,1,true
959,958,"",0,959,2,13,"6;28;13",3,0,true
960,957,"961",0,960,1,13,"6;13",14,1,true
961,960,"",0,961,2,28,"6;13;28",3,0,true
962,-1,"963",0,962,0,-1,"28",14,1,false
963,962,"",0,963,1,13,"28;13",5,0,true
964,-1,"",0,964,0,-1,"13",28,0,false
